Workbook

Sheet Testprotokoll
A1: MenuCard Pro — Manuelles Testprotokoll (14.04.2026)
A2: Bereich | B2: Testschritt | C2: Erwartetes Ergebnis | D2: Geraet | E2: Prio | F2: Pass/Fail | G2: Befund / Kommentar
A3: Gäste Mobile | B3: QR-Code mit Smartphone scannen (Restaurant-Karte) | C3: Oeffnet menu.hotel-sonnblick.at/... ohne Login, <3s Ladezeit | D3: Smartphone | E3: Hoch
A4: Gäste Mobile | B4: Sprachwechsler DE→EN | C4: UI-Texte + Produktnamen wechseln, URL enthaelt ?lang=en | D4: Smartphone | E4: Hoch
A5: Gäste Mobile | B5: Kategorie aus sticky-nav antippen | C5: Springt zur Sektion, sticky-nav bleibt sichtbar | D5: Smartphone | E5: Hoch
A6: Gäste Mobile | B6: Produkt antippen | C6: Detailansicht mit Bild, Allergenen, Beschreibung oeffnet sich | D6: Smartphone | E6: Hoch
A7: Gäste Mobile | B7: Zurueck-Button aus Detailansicht | C7: Kehrt zur Karte an alter Scrollposition zurueck | D7: Smartphone | E7: Hoch
A8: Gäste Mobile | B8: Suche 'Wiener Schnitzel' tippen | C8: Ergebnis erscheint, sectionName wird mitgesucht | D8: Smartphone | E8: Hoch
A9: Gäste Mobile | B9: Produkt mit SOLD_OUT anzeigen | C9: Deutlich als 'ausverkauft' markiert, abgegraut | D9: Smartphone | E9: Hoch
A10: Gäste Mobile | B10: Highlight-Badge RECOMMENDATION | C10: Badge 'Empfehlung' rosa/pink sichtbar | D10: Smartphone | E10: Mittel
A11: Gäste Mobile | B11: Weinkarte: Produkt mit Glas+Flasche-Preis | C11: Beide Preise werden angezeigt, korrekt formatiert (de-AT) | D11: Smartphone | E11: Hoch
A12: Gäste Mobile | B12: Allergen-Symbole auf Detailseite | C12: A,B,C… als Badges, Tooltip/Expand mit Bedeutung | D12: Smartphone | E12: Hoch
A13: Gäste Mobile | B13: Zusatzstoffe werden angezeigt | C13: Liste mit Uebersetzung erscheint | D13: Smartphone | E13: Mittel
A14: Gäste Mobile | B14: EVENT-Karte (Gourmet-Menue) oeffnen | C14: Gaenge sequenziell dargestellt | D14: Smartphone | E14: Hoch
... A80: Performance | B80: LCP < 2.5s auf 4G-Simulation | C80: Core Web Vitals grün | D80: Smartphone | E80: Mittel

Sheet Summe
A1: Test-Status Uebersicht
A2: Bereich | B2: Tests gesamt | C2: Pass
A3: Admin Analytics | B3: =COUNTIF(Testprotokoll!A3:A80,"Admin Analytics") -> 2 | C3: =COUNTIFS(Testprotokoll!A3:A80,"Admin Analytics",Testprotokoll!F3:F80,"Pass") -> 0
A4: Admin Bildarchiv | B4: =COUNTIF(Testprotokoll!A3:A80,"Admin Bildarchiv") -> 4 | C4: =COUNTIFS(Testprotokoll!A3:A80,"Admin Bildarchiv",Testprotokoll!F3:F80,"Pass") -> 0
A5: Admin Dashboard | B5: =COUNTIF(Testprotokoll!A3:A80,"Admin Dashboard") -> 3 | C5: =COUNTIFS(Testprotokoll!A3:A80,"Admin Dashboard",Testprotokoll!F3:F80,"Pass") -> 0
A6: Admin Design | B6: =COUNTIF(Testprotokoll!A3:A80,"Admin Design") -> 7 | C6: =COUNTIFS(Testprotokoll!A3:A80,"Admin Design",Testprotokoll!F3:F80,"Pass") -> 0
A7: Admin Import | B7: =COUNTIF(Testprotokoll!A3:A80,"Admin Import") -> 2 | C7: =COUNTIFS(Testprotokoll!A3:A80,"Admin Import",Testprotokoll!F3:F80,"Pass") -> 0
A8: Admin Karten | B8: =COUNTIF(Testprotokoll!A3:A80,"Admin Karten") -> 7 | C8: =COUNTIFS(Testprotokoll!A3:A80,"Admin Karten",Testprotokoll!F3:F80,"Pass") -> 0
A9: Admin Login | B9: =COUNTIF(Testprotokoll!A3:A80,"Admin Login") -> 4 | C9: =COUNTIFS(Testprotokoll!A3:A80,"Admin Login",Testprotokoll!F3:F80,"Pass") -> 0
A10: Admin PDF | B10: =COUNTIF(Testprotokoll!A3:A80,"Admin PDF") -> 2 | C10: =COUNTIFS(Testprotokoll!A3:A80,"Admin PDF",Testprotokoll!F3:F80,"Pass") -> 0
A11: Admin Produkte | B11: =COUNTIF(Testprotokoll!A3:A80,"Admin Produkte") -> 10 | C11: =COUNTIFS(Testprotokoll!A3:A80,"Admin Produkte",Testprotokoll!F3:F80,"Pass") -> 0
A12: Admin QR-Codes | B12: =COUNTIF(Testprotokoll!A3:A80,"Admin QR-Codes") -> 6 | C12: =COUNTIFS(Testprotokoll!A3:A80,"Admin QR-Codes",Testprotokoll!F3:F80,"Pass") -> 0
A13: Admin Settings | B13: =COUNTIF(Testprotokoll!A3:A80,"Admin Settings") -> 3 | C13: =COUNTIFS(Testprotokoll!A3:A80,"Admin Settings",Testprotokoll!F3:F80,"Pass") -> 0
A14: Gäste Desktop | B14: =COUNTIF(Testprotokoll!A3:A80,"Gäste Desktop") -> 4 | C14: =COUNTIFS(Testprotokoll!A3:A80,"Gäste Desktop",Testprotokoll!F3:F80,"Pass") -> 0
A15: Gäste Mobile | B15: =COUNTIF(Testprotokoll!A3:A80,"Gäste Mobile") -> 14 | C15: =COUNTIFS(Testprotokoll!A3:A80,"Gäste Mobile",Testprotokoll!F3:F80,"Pass") -> 0
A16: Performance | B16: =COUNTIF(Testprotokoll!A3:A80,"Performance") -> 3 | C16: =COUNTIFS(Testprotokoll!A3:A80,"Performance",Testprotokoll!F3:F80,"Pass") -> 0
A17: Security | B17: =COUNTIF(Testprotokoll!A3:A80,"Security") -> 7 | C17: =COUNTIFS(Testprotokoll!A3:A80,"Security",Testprotokoll!F3:F80,"Pass") -> 0
